Nama Produk;Kode Produk;Harga Jual;Harga Modal;Fee Reseller (%);Fee Affilator (%)
ASPARAGUS 1 KG;4MBOSWUX;35;22750;8;5
ASPARAGUS 1 gr;6IRNEZRU;35;2275;12;7
ASPARAGUS 250 gr;PUPHU831;9;5850;12;7
ASPARAGUS 5 gr;IPTSEJQR;175;11375;10;6
ASPARAGUS BULKY 20 KG;TLPGHPLJ;630;4095;5;3
BAWANG BREBES SC BULKY 50 KG;L6ENNJFR;1440;936;5;3
BAWANG DAUN 1 KG;LZIWAJTH;20;13;10;6
BAWANG DAUN 1 gr;4RKCOY9U;2;13;12;7
BAWANG DAUN 250 gr;DQEH2DSS;5;3250;12;7
BAWANG DAUN 5 gr;HGIH5LZE;10;65;10;6
BAWANG DAUN BULKY 10 KG;TABEL4US;180;117;5;3
Bawang Merah Brebes 1kg;BAWANGMERAHBREBES1KG-EE28;28;182;10;5
BAWANG MERAH BREBES ABC 1 kg;HCZS6YAM;31;20150;8;5
BAWANG MERAH BREBES ABC 1 gr;F2A70YWP;3;1950;12;7
BAWANG MERAH BREBES ABC 150 gr;RDUJSH1G;45;2925;12;7
BAWANG MERAH BREBES ABC 250 gr;WI6GUSNJ;8;52;12;7
BAWANG MERAH BREBES ABC 50 gr;T2ZWQWZO;15;975;12;7
BAWANG MERAH BREBES ABC 5 gr;YFJUDRK2;155;175;10;6
BAWANG MERAH BREBES ABC BULKY 50 KG;RZGXOST2;1395;906750;5;3
BAWANG MERAH BREBES SC 1 kg;TGJRVQON;32;208;8;5
BAWANG MERAH BREBES SC 1 gr;RKC554HD;3;1950;12;7
BAWANG MERAH BREBES SC 150 gr;4JIMZC01;5;3250;12;7
BAWANG MERAH BREBES SC 250 gr;RLSHZSIT;8;52;12;7
BAWANG MERAH BREBES SC 50 gr;WDU3WGO8;15;975;12;7
BAWANG MERAH BREBES SC 5 gr;YQYA5SGG;16;104;10;6
BAWANG MERAH BREBES SPR 1 kg;FMVNSODW;30;195;8;5
BAWANG MERAH BREBES SPR 1 gr;DWWF9YMP;3;1950;12;7
BAWANG MERAH BREBES SPR 150 gr;FLPS2F1B;45;2925;12;7
BAWANG MERAH BREBES SPR 250 gr;U3JVXXWI;75;4875;12;7
BAWANG MERAH BREBES SPR 50 gr;8JAB2ZCL;15;975;12;7
BAWANG MERAH BREBES SPR 5 gr;WH4GGSGE;15;9750;10;6
BAWANG MERAH BREBES SPR BULKY 50 KG;X3PY9DX8;1350;8775;5;3
BAWANG MERAH DAERAH ABC 1 kg;BYGXBVHC;29;18850;10;6
BAWANG MERAH DAERAH ABC 1 gr;KDRI1DVZ;3;1950;12;7
BAWANG MERAH DAERAH ABC 150 gr;VQHB3NHK;45;2925;12;7
BAWANG MERAH DAERAH ABC 250 gr;YY6XJOSZ;75;4875;12;7
BAWANG MERAH DAERAH ABC 50 gr;7I4BOOKO;15;975;12;7
BAWANG MERAH DAERAH ABC 5 gr;WEPSTS;145;9425;10;6
BAWANG MERAH DAERAH ABC BULKY 50 KG;TPAVTDCI;1305;848250;5;3
BAWANG MERAH DAERAH SC 1 kg;AOVLZ1KJ;28;182;10;6
BAWANG MERAH DAERAH SC 1 gr;A4X107QD;3;1950;12;7
BAWANG MERAH DAERAH SC 150 gr;ZIDCSTYU;4;26;12;7
BAWANG MERAH DAERAH SC 250 gr;ZBAG4RFP;7;4550;12;7
BAWANG MERAH DAERAH SC 50 gr;UQGSA9TF;15;975;12;7
BAWANG MERAH DAERAH SC 5 gr;61EFWLY3;14;91;10;6
BAWANG MERAH DAERAH SPR 1 kg;JZG7CBGZ;27;17550;10;6
BAWANG MERAH DAERAH SPR 1 gr;CKRPR1MK;25;1625;12;7
BAWANG MERAH DAERAH SPR 150 gr;IYTHNCUU;4;26;12;7
BAWANG MERAH DAERAH SPR 250 gr;80ZGBOEN;7;4550;12;7
BAWANG MERAH DAERAH SPR 50 gr;HDWRR7;15;975;12;7
BAWANG MERAH DAERAH SPR 5 gr;W70HZLP0;135;8775;10;6
BAWANG MERAH DAERAH SPR BULKY 50 KG;SRUGRABL;1215;789750;5;3
BAWANG PUTIH HONAN 1 KG;94UVCOYX;38;247;8;5
BAWANG PUTIH HONAN 1 gr;C5TDL5DV;4;26;12;7
BAWANG PUTIH HONAN 250 gr;TLWLK7RJ;95;6175;12;7
BAWANG PUTIH HONAN 50 gr;POJUY3LF;2;13;12;7
BAWANG PUTIH HONAN 5 gr;VXEIKGQU;19;12350;10;6
BAWANG PUTIH HONAN BULKY 20 KG;KXYLDJET;684;4446;5;3
Bawang Putih Kating 5g;BAWANGPUTIHKATING5G-346A;30;195;10;5
BAWANG PUTIH KUTING 1 KG;XAUDSSRQ;42;273;8;5
BAWANG PUTIH KUTING 1 gr;9DJKTRZ0;4;26;12;7
BAWANG PUTIH KUTING 250 gr;03SYU5QJ;105;6825;10;6
BAWANG PUTIH KUTING 50 gr;NNNXDKNM;2;13;12;7
BAWANG PUTIH KUTING 5 gr;39IRV9YX;21;13650;10;6
BAWANG PUTIH KUTING BULKY 20 KG;A2YDWPQA;756;4914;5;3
BAYAM 1 KG;FMRR0DBC;8;52;12;7
BAYAM 1 gr;T7QFKQK8;1;650;12;7
BAYAM 250 gr;FPCJVOY7;2;13;12;7
BAYAM 5 gr;RXFSDEPW;4;26;12;7
BAYAM BULKY 10 KG;IKTGE5LD;72;468;8;5
Bayam Hijau Segar Ikat;BAYAMHIJAUIKAT-21B8;8;52;5;3
BAYAM MERAH 1 KG;DBBLNTBD;10;65;10;6
BAYAM MERAH 1 gr;ULDGTGEY;1;650;12;7
BAYAM MERAH 250 gr;L7VTXOQH;25;1625;12;7
BAYAM MERAH 5 gr;NM4AVKFB;5;3250;12;7
BAYAM MERAH BULKY 5 KG;PT2OUCOY;45;29250;8;5
BOMBAY CN 1 KG;ATZPRP2I;20;13;10;6
BOMBAY CN 1 gr;TDDHAVI0;2;13;12;7
BOMBAY CN 250 gr;0G19EJLJ;5;3250;12;7
BOMBAY CN 50 gr;U0DDBERS;1;650;12;7
BOMBAY CN 5 gr;FPOR3MPW;10;65;10;6
BOMBAY CN BULKY 20 KG;IQP6OBCZ;360;234;5;3
BOMBAY NZ 1 KG;RHP0U3MP;25;16250;10;6
BOMBAY NZ 1 gr;R87V3OQH;25;1625;12;7
BOMBAY NZ 250 gr;90IRASFF;65;4225;12;7
BOMBAY NZ 50 gr;9MB76VEZ;15;975;12;7
BOMBAY NZ 5 gr;IIQAHMAK;125;8125;10;6
BOMBAY NZ BULKY 20 KG;FOPSQZAI;450;2925;5;3
BROCOLI 1 KG;LEZOPDWL;16;104;10;6
BROCOLI 250 gr;CPVDUBDA;4;26;12;7
BROCOLI 5 gr;2NLNVWJH;8;52;12;7
BROCOLI BULKY 20 KG;N3XG6QEN;288;1872;5;3
Brokoli Segar 5g;BROKOLISEGAR5G-5802;25;16250;12;7
BUNCIS 1 KG;ZA6LPUWP;14;91;10;6
BUNCIS 250 gr;EJQJGUHO;35;2275;12;7
BUNCIS 5 gr;JD3LO505;7;4550;12;7
BUNCIS BULKY 50 KG;5DNK6LAO;630;4095;5;3
Cabai Merah Keriting 5g;CABAIMERAHKERITING5G-8C68;32;208;10;6
Cabai Rawit Merah 250g;CABAIRAWITMERAH250G-87D9;35;22750;12;6
CABE GENDOT 1 KG;GJXYLDBT;25;16250;10;6
CABE GENDOT 1 gr;AKML801E;25;1625;12;7
CABE GENDOT 250 gr;MLFOBP4X;65;4225;12;7
CABE GENDOT 50 gr;FNTJWF0N;15;975;12;7
CABE GENDOT 5 gr;Z93QNF9L;125;8125;10;6
CABE GENDOT BULKY 20 KG;ICAHW6O5;450;2925;5;3
CABE TW HIJAU 1 KG;IDWS202V;45;29250;8;5
CABE TW HIJAU 1 gr;AR7D2Y5S;45;2925;12;7
CABE TW HIJAU 250 gr;ZPDIDDAM;115;7475;10;6
CABE TW HIJAU 50 gr;UBPGKF5F;25;1625;12;7
CABE TW HIJAU 5 gr;PLICGUUZ;225;14625;10;6
CABE TW HIJAU BULKY 50 KG;BYXQZID6;2025;1316250;5;3
CABE TW MERAH 1 KG;WSKMFUA4;55;35750;8;5
CABE TW MERAH 1 gr;VRFIWU0Z;55;3575;12;7
CABE TW MERAH 250 gr;LLQ7VRVC;14;91;10;6
CABE TW MERAH 50 gr;N59V62TL;3;1950;12;7
CABE TW MERAH 5 gr;YWGQUOVE;275;17875;10;6
CABE TW MERAH BULKY 50 KG;BYFXVIUE;2475;1608750;5;3
DAUN KETUMBAR 1 KG;3OT5X4ZQ;25;16250;10;6
DAUN KETUMBAR 1 gr;M9WP54IY;25;1625;12;7
DAUN KETUMBAR 250 gr;IZFAVLDS;65;4225;12;7
DAUN KETUMBAR 5 gr;6C3GOTLF;125;8125;10;6
DAUN KETUMBAR BULKY 10 KG;NQUCPJFF;225;146250;5;3
DAUN MELINJO 1 KG;YKIGL5YK;25;16250;10;6
DAUN MELINJO 1 gr;SQP8VE0Y;25;1625;12;7
DAUN MELINJO 250 gr;CXFDLRCG;65;4225;12;7
DAUN MELINJO 50 gr;LQFODCGS;15;975;12;7
DAUN MELINJO 5 gr;E6VFBNNO;125;8125;10;6
DAUN MELINJO BULKY 10 KG;E8XBODBS;225;146250;5;3
JAGUNG BABY 1 KG;R6XE1BCC;18;117;10;6
JAGUNG BABY 1 gr;3I3NEHTK;2;13;12;7
JAGUNG BABY 250 gr;VJJIQIUC;45;2925;12;7
JAGUNG BABY 5 gr;LGOWDLUJ;9;5850;12;7
JAGUNG BABY BULKY 50 KG;J7KX1OZR;810;5265;5;3
JAGUNG MANIS 1 KG;TTG5RPOC;10;65;10;6
JAGUNG MANIS 250 gr;LQIJUKHI;25;1625;12;7
JAGUNG MANIS 50 gr;OXDAUUR6;5;325;12;7
JAGUNG MANIS 5 gr;0J5YMMTS;5;3250;12;7
JAGUNG MANIS BULKY 50 KG;EK7HYM9S;450;2925;5;3
JAGUNG MANIS PIPIL 1 KG;CVEZWTV1;14;91;10;6
JAGUNG MANIS PIPIL 1 gr;V6IBDNM6;15;975;12;7
JAGUNG MANIS PIPIL 250 gr;CUF7LZQH;35;2275;12;7
JAGUNG MANIS PIPIL 5 gr;DXVKWTV4;7;4550;12;7
JAGUNG MANIS PIPIL BULKY 50 KG;BINWPFJZ;630;4095;5;3
JAHE GAJAH 1 KG;BTJJARWB;30;195;8;5
JAHE GAJAH 1 gr;MASCTS17;3;1950;12;7
JAHE GAJAH 250 gr;2ALAFLCN;75;4875;12;7
JAHE GAJAH 5 gr;ZK1V4ORO;15;9750;10;6
JAHE GAJAH BULKY 50 KG;F4A1Z82S;1350;8775;5;3
Jahe Gajah Segar 5g;JAHEGAJAH5G-BABB;28;182;10;5
JAMUR CHAMPIGNO 1 KG;P41GVCOF;35;22750;8;5
JAMUR CHAMPIGNO 1 gr;BI1WLWBW;35;2275;12;7
JAMUR CHAMPIGNO 250 gr;9KI692CL;9;5850;12;7
JAMUR CHAMPIGNO 5 gr;95IDC0JU;175;11375;10;6
JAMUR CHAMPIGNO BULKY 5 KG;TRPHHKTJ;1575;102375;5;3
JAMUR ENOKI 1 KG;ANCLABW5;20;13;10;6
JAMUR ENOKI 1 PACK;X6ZDBFNR;8;52;12;7
JAMUR ENOKI BULKY 5 KG;HSPCAFXU;90;585;8;5
JAMUR KUPING 1 KG;RAQEHNR3;30;195;8;5
JAMUR KUPING 1 gr;CVMAMKLE;3;1950;12;7
JAMUR KUPING 250 gr;BFFQSA6O;75;4875;12;7
JAMUR KUPING 5 gr;CSXEJX0O;15;9750;10;6
JAMUR KUPING BULKY 5 KG;LEKUKYUU;135;87750;5;3
JAMUR MERANG 1 KG;CTACBSAB;20;13;10;6
JAMUR MERANG 1 gr;AQCPLFLQ;2;13;12;7
JAMUR MERANG 250 gr;TZIBUJKX;5;3250;12;7
JAMUR MERANG 5 gr;RH2PWMAS;10;65;10;6
JAMUR MERANG BULKY 5 KG;QAT4U9BC;90;585;8;5
JAMUR SHIMEJI 1 KG;XO2YOKE0;30;195;8;5
JAMUR SHIMEJI 1 PACK;WOCNJFDR;8;52;12;7
JAMUR SHIMEJI BULKY 5 KG;DLFTNLKK;135;87750;5;3
JAMUR SHITAKE 1 KG;WM0QH21P;45;29250;8;5
JAMUR SHITAKE 1 gr;MCY8KL0M;45;2925;12;7
JAMUR SHITAKE 250 gr;LB1KZUGN;115;7475;10;6
JAMUR SHITAKE 5 gr;VWHVZVUV;225;14625;10;6
JAMUR SHITAKE BULKY 5 KG;3TQK0UMT;2025;131625;5;3
JAMUR TIRAM 1 KG;EVUYK72F;25;16250;10;6
JAMUR TIRAM 1 gr;8JMYKZAI;25;1625;12;7
JAMUR TIRAM 250 gr;JFUB68TF;65;4225;12;7
JAMUR TIRAM 5 gr;CVBEPLN3;125;8125;10;6
JAMUR TIRAM BULKY 5 KG;JHBXVZQU;1125;73125;5;3
Jamur Tiram Segar 250g;JAMURTIRAMSEGAR250G-4CC1;22;143;10;6
KACANG PANJANG 1 KG;ZQNVZVTS;13;8450;10;6
KACANG PANJANG 1 gr;MJUUI26D;15;975;12;7
KACANG PANJANG 250 gr;U1XLAY1X;35;2275;12;7
KACANG PANJANG 5 gr;TO8OF2K6;65;4225;12;7
KACANG PANJANG BULKY 10 KG;HRNPDUOX;117;76050;5;3
Kangkung Cabut Segar Ikat;KANGKUNGCABUTIKAT-F5D6;9;5850;5;3
KANGKUNG DARAT 1 KG;H525ENMH;8;52;12;7
KANGKUNG DARAT 1 gr;1LNOVASK;1;650;12;7
KANGKUNG DARAT 250 gr;D3ANXZUC;2;13;12;7
KANGKUNG DARAT 5 gr;NXAP8LBQ;4;26;12;7
KANGKUNG DARAT BULKY 10 KG;ZIAIXIIY;72;468;8;5
KEMBANG KOL 1 KG;XQRLEGPP;15;9750;10;6
KEMBANG KOL 250 gr;OKNU5TB9;4;26;12;7
KEMBANG KOL 5 gr;RXKYGHUH;75;4875;12;7
KEMBANG KOL BULKY 20 KG;DHOWDE7L;270;1755;5;3
KENTANG BANDUNG AB 1 kg;X6JQOIQU;14;91;10;6
KENTANG BANDUNG AB 250 gr;URE6AEXM;35;2275;12;7
KENTANG BANDUNG AB 5 gr;GE1YOMQU;7;4550;12;7
KENTANG BANDUNG ABC 1 KG;9F5ZR1IA;17;11050;10;6
KENTANG BANDUNG ABC 1 gr;CE4INDMJ;15;975;12;7
KENTANG BANDUNG ABC 250 gr;EBQ6IJLV;45;2925;12;7
KENTANG BANDUNG ABC 50 gr;DERP6ITQ;1;650;12;7
KENTANG BANDUNG ABC 5 gr;LDM3QNW0;85;5525;12;7
KENTANG BANDUNG ABC BULKY 50 KG;MXPMFFPW;765;497250;5;3
KENTANG BANDUNG AL 1 kg;TPIJBWFZ;12;78;10;6
KENTANG BANDUNG AL 2 gr;0KPAL7XM;25;1625;12;7
KENTANG BANDUNG AL 250 gr;MVKQS5ML;3;1950;12;7
KENTANG BANDUNG AL 5 gr;WJCRKOFR;6;39;12;7
Kentang Dieng 1kg;KENTANGDIENG1KG-BA1E;18;117;8;4
KENTANG DIENG AB 1 kg;TNPVUI7G;15;9750;10;6
KENTANG DIENG AB 1 gr;44FGTYYM;15;975;12;7
KENTANG DIENG AB 250 gr;XQBCL95H;4;26;12;7
KENTANG DIENG AB 50 gr;ZS20WR4X;1;650;12;7
KENTANG DIENG AB 5 gr;P0ME3HDA;75;4875;12;7
KENTANG DIENG ABC 1 KG;Z43SPOZK;18;117;10;6
KENTANG DIENG ABC 1 gr;8Y1SIWB2;2;13;12;7
KENTANG DIENG ABC 250 gr;UOGVVA2F;45;2925;12;7
KENTANG DIENG ABC 50 gr;EA4EVP41;1;650;12;7
KENTANG DIENG ABC 5 gr;LD4D0A8Q;9;5850;12;7
KENTANG DIENG ABC BULKY 50 KG;ZIRCLF2Z;810;5265;5;3
KENTANG DIENG AL 1 kg;YQMKHAHC;13;8450;10;6
KENTANG DIENG AL 350 gr;LR8LD3NO;45;2925;12;7
KENTANG DIENG AL 5 gr;GNU7OJGB;65;4225;12;7
KERITING HIJAU 1 KG;XZOUCFO0;42;273;8;5
KERITING HIJAU 1 gr;U1EZKC4V;4;26;12;7
KERITING HIJAU 250 gr;UGJ9PPMG;105;6825;10;6
KERITING HIJAU 50 gr;0KSU8EPS;2;13;12;7
KERITING HIJAU 5 gr;944Z8MBC;21;13650;10;6
KERITING HIJAU BULKY 50 KG;H6UW5GB0;1890;12285;5;3
KERITING MERAH JAWA 1 KG;5RAYQX6Q;45;29250;8;5
KERITING MERAH JAWA 1 gr;H65P8OJA;45;2925;12;7
KERITING MERAH JAWA 250 gr;ZHHT2UFE;115;7475;10;6
KERITING MERAH JAWA 50 gr;OCYXBZYE;25;1625;12;7
KERITING MERAH JAWA 5 gr;RR2UTA4V;225;14625;10;6
KERITING MERAH JAWA BULKY 50 KG;JK0NKKXT;2025;1316250;5;3
KOL DAERAH 1 KG;ZNAON8FM;10;65;10;6
KOL DAERAH 250 gr;AOJ3FI2F;25;1625;12;7
KOL DAERAH 5 gr;R8L6YFET;5;3250;12;7
KOL DAERAH BULKY 50 KG;RDLSMXE2;450;2925;5;3
KOL MEDAN 1 KG;5MB1UWV0;12;78;10;6
KOL MEDAN 250 gr;R120T5HL;3;1950;12;7
KOL MEDAN 5 gr;OCOYLR1W;6;39;12;7
KOL MEDAN BULKY 50 KG;PLIR52QM;540;351;5;3
KUNYIT 1 KG;VUKSWI2C;15;9750;10;6
KUNYIT 1 gr;VSCULSU3;15;975;12;7
KUNYIT 250 gr;ZBHQNGDY;4;26;12;7
KUNYIT 50 gr;D4NXX0AO;1;650;12;7
KUNYIT 5 gr;23MNIZGC;75;4875;12;7
KUNYIT BULKY 20 KG;8DPXWFO5;270;1755;5;3
KYURY 1 KG;ZNIZXLUO;10;65;10;6
KYURY 1 gr;18ECHIHA;1;650;12;7
KYURY 250 gr;TPNMZSWI;25;1625;12;7
KYURY 5 gr;OE6KRRDA;5;3250;12;7
KYURY BULKY 20 KG;ZKMLXY53;180;117;5;3
LABU 1 KG;8IZ1VOQA;8;52;12;7
LABU 2 gr;2JLCISGZ;15;975;12;7
LABU 250 gr;RAGFEUOL;2;13;12;7
LABU 5 gr;EMN7EKED;4;26;12;7
LABU BULKY 50 KG;AM8QPY0K;360;234;5;3
LENGKUAS 1 KG;PG42RUEL;20;13;10;6
LENGKUAS 1 gr;X4OGJMAQ;2;13;12;7
LENGKUAS 250 gr;SDHEVLR0;5;3250;12;7
LENGKUAS 50 gr;CSGEAIWC;1;650;12;7
LENGKUAS 5 gr;MTLBOOVQ;10;65;10;6
LENGKUAS BULKY 50 KG;U3JRAP6Y;9;585;5;3
LETTUCE 1 KG;V9IF18KS;20;13;10;6
LETTUCE 250 gr;CDGVMCUJ;5;3250;12;7
LETTUCE 5 gr;8YHVOPHL;10;65;10;6
LETTUCE BULKY 50 KG;2ENQEBBL;9;585;5;3
LOLOROSA 1 KG;9E1JNX3F;18;117;10;6
LOLOROSA 1 gr;I87XMANN;2;13;12;7
LOLOROSA 250 gr;RCGDW9JR;45;2925;12;7
LOLOROSA 5 gr;CMLQQFIA;9;5850;12;7
LOLOROSA BULKY 5 KG;JJVQSLY6;81;52650;8;5
MELINJO 1 KG;BZDW1LOI;20;13;10;6
MELINJO 1 gr;0RYQNERK;2;13;12;7
MELINJO 250 gr;VWB23MOV;5;3250;12;7
MELINJO 50 gr;JEQER2L6;1;650;12;7
MELINJO 5 gr;DW5SIO3K;10;65;10;6
MELINJO BULKY 20 KG;KJGQJSSK;360;234;5;3
MIX VEGETABLE FRESH 3 1 kg;FY25STNV;20;13;10;6
MIX VEGETABLE FRESH 3 5 gr;VZ8PZVIY;10;65;10;6
ONCOM 1 PAPAN;TDQHYOLN;6;39;12;7
OYONG 1 KG;DM47ERW0;10;65;10;6
OYONG 1 gr;VX1GARYY;1;650;12;7
OYONG 250 gr;6YBVBX4F;25;1625;12;7
OYONG 5 gr;IR3TQTAA;5;3250;12;7
OYONG BULKY 5 KG;3NMQVX6Z;45;29250;8;5
Pakcoy Hidroponik 250g;PAKCOYHIDROPONIK250G-ED3E;15;9750;8;5
Paket Sayur Asem Komplit;PAKETSAYURASEMKOMPLIT-9F77;22;143;12;7
Paket Sayur Sop Lengkap;PAKETSAYURSOPLENGKAP-A126;25;16250;15;8
PAPRIKA HIJAU 1 KG;UDGSRD5E;45;29250;8;5
PAPRIKA HIJAU 250 gr;JGPG4I1W;115;7475;10;6
PAPRIKA HIJAU 5 gr;RMSRRCE4;225;14625;10;6
PAPRIKA HIJAU BULKY 10 KG;O8YYUCEU;405;263250;5;3
PAPRIKA KUNING 1 KG;XS97W2PC;55;35750;8;5
PAPRIKA KUNING 250 gr;DHWJCREB;14;91;10;6
PAPRIKA KUNING 5 gr;OUH4WBG7;275;17875;10;6
PAPRIKA KUNING BULKY 10 KG;4EOTEBBK;495;321750;5;3
PAPRIKA MERAH 1 KG;OAEWGKMS;55;35750;8;5
PAPRIKA MERAH 250 gr;MCN0XEUI;14;91;10;6
PAPRIKA MERAH 5 gr;VGRHFZZB;275;17875;10;6
PAPRIKA MERAH BULKY 10 KG;TGRD9A8O;495;321750;5;3
PARE 1 KG;JL9KQSIS;10;65;10;6
PARE 1 gr;Y9G4LPXN;1;650;12;7
PARE 250 gr;FU2I1KCR;25;1625;12;7
PARE 5 gr;XSOBEULW;5;3250;12;7
PARE BULKY 5 KG;BMXEIRXH;45;29250;8;5
PETAI 1 BULK (1 PAPAN);QMLXLBFF;6;390;5;3
PETAI 1 PAPAN;LNKWD9WZ;8;52;12;7
PHOKCOY 1 KG;HUTO4NWR;12;78;10;6
PHOKCOY 1 gr;UEOUYM5C;1;650;12;7
PHOKCOY 250 gr;KWYMAEKA;3;1950;12;7
PHOKCOY 5 gr;DG7FSWEH;6;39;12;7
PHOKCOY BULKY 10 KG;IUO7ZBTS;108;702;5;3
RAWIT CAMPUR 1 KG;YLEEES8P;45;29250;8;5
RAWIT CAMPUR 1 gr;Z6RQOLDG;45;2925;12;7
RAWIT CAMPUR 250 gr;2UHGWLI8;115;7475;10;6
RAWIT CAMPUR 50 gr;ZZPVQHQV;25;1625;12;7
RAWIT CAMPUR 5 gr;JDBHTHTG;225;14625;10;6
RAWIT CAMPUR BULKY 50 KG;Z5UZHFSR;2025;1316250;5;3
RAWIT HIJAU CAPLAK 1 KG;YMJNKVF2;50;325;8;5
RAWIT HIJAU CAPLAK 1 gr;JPUEDHVG;5;3250;12;7
RAWIT HIJAU CAPLAK 250 gr;VC0OIQFN;125;8125;10;6
RAWIT HIJAU CAPLAK 50 gr;1OHNV9KY;25;1625;12;7
RAWIT HIJAU CAPLAK 5 gr;AHLADYYD;25;16250;10;6
RAWIT HIJAU CAPLAK BULKY 50 KG;F0FN3N2I;2250;14625;5;3
RAWIT MERAH ORI DAERAH 1 KG;C5FFBCR4;55;35750;8;5
RAWIT MERAH ORI DAERAH 1 gr;B25VORTY;55;3575;12;7
RAWIT MERAH ORI DAERAH 250 gr;QHFZPSB6;14;91;10;6
RAWIT MERAH ORI DAERAH 50 gr;WX6O0IKQ;3;1950;12;7
RAWIT MERAH ORI DAERAH 5 gr;QSBW4PEH;275;17875;10;6
RAWIT MERAH ORI DAERAH BULKY 50 KG;WG83RTRC;2475;1608750;5;3
RAWIT MERAH ORI JAWA 1 KG;AKWS6PWQ;60;39;8;5
RAWIT MERAH ORI JAWA 1 gr;6HI1KEMU;6;39;12;7
RAWIT MERAH ORI JAWA 250 gr;OZFALZGL;15;9750;10;6
RAWIT MERAH ORI JAWA 50 gr;EWZKHZ8X;3;1950;12;7
RAWIT MERAH ORI JAWA 5 gr;T5G0FWPO;30;195;8;5
RAWIT MERAH ORI JAWA BULKY 50 KG;N3WBP5PF;27;1755;5;3
ROMEN 1 KG;VNUAFSVD;12;78;10;6
ROMEN 250 gr;GBLROPX8;3;1950;12;7
ROMEN 5 gr;WYT3MTWV;6;39;12;7
ROMEN BULKY 50 KG;MGL4VWMN;540;351;5;3
SABU SABU 250 gr;C8LM95VW;4;26;12;7
SABU SABU 5 gr;6TOYCSHQ;75;4875;12;7
SAWI ASIN / SESIM 1 KG;2PW264ZM;15;9750;10;6
SAWI ASIN / SESIM 1 gr;NLIVHNBD;15;975;12;7
SAWI ASIN / SESIM 5 gr;9XATFXQZ;75;4875;12;7
Sawi Hijau Segar 5g;SAWIHIJAU5G-C33E;12;78;6;4
SAWI PUTIH 1 KG;PVJLLZUW;8;52;12;7
SAWI PUTIH 5 gr;A7LJWUJJ;4;26;12;7
SAWI PUTIH BULKY 50 KG;WOVPMVKZ;360;234;5;3
SAYUR ASEM;7TMIHSYU;10;65;10;6
SAYUR BAYAM;VK81IVY5;8;52;12;7
SAYUR BENING;2NHKKPBH;10;65;10;6
SAYUR LODEH;NS2VE2E3;10;65;10;6
SAYUR NANGKA;S1SEJDSG;10;65;10;6
SAYUR OYONG;YGMANFDK;10;65;10;6
SAYUR PAKIS;HJFVQOGY;10;65;10;6
SAYUR SOP;2VTD9GZQ;10;65;10;6
SELADA KERITING 1 KG;OIANPWYU;15;9750;10;6
SELADA KERITING 250 gr;UZY9QH4P;4;26;12;7
SELADA KERITING 5 gr;QCC0BKWN;75;4875;12;7
SELADA KERITING BULKY 50 KG;TT7B7HCQ;675;438750;5;3
Selada Keriting Hidroponik 2g;SELADAKERITINGHIDROPONIK-E647;18;117;8;5
SELEDRY IMPORT 1 KG;BCM24BZM;35;22750;8;5
SELEDRY IMPORT 1 gr;ABBJ3DEE;35;2275;12;7
SELEDRY IMPORT 250 gr;HL5MIEDR;9;5850;12;7
SELEDRY IMPORT 5 gr;JNWVOLCG;175;11375;10;6
SELEDRY IMPORT BULKY 10 KG;IJKSLO3S;315;204750;5;3
SELEDRY LOKAL 1 KG;4B5OA3R0;30;195;8;5
SELEDRY LOKAL 1 gr;TBAK203F;3;1950;12;7
SELEDRY LOKAL 250 gr;ZFD1PGKP;75;4875;12;7
SELEDRY LOKAL 50 gr;KHLEVBM0;15;975;12;7
SELEDRY LOKAL 5 gr;E2NGZV2N;15;9750;10;6
SELEDRY LOKAL BULKY 10 KG;PWTEMAK7;270;1755;5;3
SEREH 1 KG;G2V2PNMA;25;16250;10;6
SEREH 1 gr;LEBPUKRU;25;1625;12;7
SEREH 250 gr;BKWKQ69G;65;4225;12;7
SEREH 50 gr;RMVNAW9R;15;975;12;7
SEREH 5 gr;5ESZIPNF;125;8125;10;6
SEREH BULKY 20 KG;08VBXJVX;450;2925;5;3
SINGKONG 1 KG;GBLHNYNQ;8;52;12;7
SINGKONG 1 gr;EPD0L72D;1;650;12;7
SINGKONG 250 gr;U7RZAYW2;2;13;12;7
SINGKONG 5 gr;LEBY7AP1;4;26;12;7
SINGKONG BULKY 50 KG;WTYWUZGT;360;234;5;3
TAHU 1 PACK;HTEXS6JO;5;3250;12;7
TAHU CINA;WODJBIKA;6;39;12;7
TAHU PUTIH;E2NVRJHB;5;3250;12;7
TEMPE 1 PAPAN;D1IWJGCI;5;3250;12;7
TERONG BULAT 1 KG;VLEJ7EO0;11;7150;10;6
TERONG BULAT 1 gr;HLJYTYVO;1;650;12;7
TERONG BULAT 250 gr;DP290AQX;3;1950;12;7
TERONG BULAT 50 gr;AO9XJPUV;5;325;12;7
TERONG BULAT 5 gr;MXSZM55U;55;3575;12;7
TERONG BULAT BULKY 10 KG;LOIYOQKE;99;64350;8;5
TERONG UNGU 1 KG;UZKHA5ZV;12;78;10;6
TERONG UNGU 250 gr;SPU4FJPH;3;1950;12;7
TERONG UNGU 5 gr;JCNLGK1R;6;39;12;7
TERONG UNGU BULKY 20 KG;OLPWQH9S;216;1404;5;3
TIMUN 1 KG;C4HEOFBR;10;65;10;6
TIMUN 250 gr;ERVVAXFH;25;1625;12;7
TIMUN 5 gr;TNCSBPVC;5;3250;12;7
TIMUN BULKY 20 KG;KB96JUFM;180;117;5;3
Timun Segar 5g;TIMUNSEGAR5G-6969;12;78;6;3
TOMAT BUAH 1 KG;PUNRTX5I;12;78;10;6
TOMAT BUAH 1 gr;GA6BHVUK;1;650;12;7
TOMAT BUAH 150 gr;CR4MACVY;2;13;12;7
TOMAT BUAH 250 gr;CI9AKUON;3;1950;12;7
TOMAT BUAH 50 gr;82U11AGX;5;325;12;7
TOMAT BUAH 5 gr;CGTAXPTE;6;39;12;7
TOMAT BUAH BULKY 20 KG;UIIUXWNS;216;1404;5;3
TOMAT CHERRY 1 KG;VS7EOIXZ;25;16250;10;6
TOMAT CHERRY 1 gr;4GEW12NZ;25;1625;12;7
TOMAT CHERRY 250 gr;FB24JCIE;65;4225;12;7
TOMAT CHERRY 5 gr;B3TPKDTE;125;8125;10;6
TOMAT CHERRY BULKY 5 KG;46EHTJNQ;1125;73125;5;3
Tomat Merah Segar 1kg;TOMATMERAH1KG-2A20;16;104;6;4
TOMAT SERVO 1 KG;VNIZMF27;10;65;10;6
TOMAT SERVO 1 gr;FKLFKGVQ;1;650;12;7
TOMAT SERVO 150 gr;QO91HGSU;15;975;12;7
TOMAT SERVO 250 gr;VENJ0RCO;25;1625;12;7
TOMAT SERVO 50 gr;HYQM18KD;5;325;12;7
TOMAT SERVO 5 gr;LCQW2COQ;5;3250;12;7
TOMAT SERVO BULKY 20 KG;IEQQQ0FR;180;117;5;3
UBI CILEMBU 1 KG;LYPGZGVT;20;13;10;6
UBI CILEMBU 1 gr;X5P0SRQJ;2;13;12;7
UBI CILEMBU 250 gr;DRCQW8AL;5;3250;12;7
UBI CILEMBU 5 gr;RNMBNW9O;10;65;10;6
UBI CILEMBU BULKY 20 KG;B1ITDCAP;360;234;5;3
UBI MERAH 1 KG;GAYNEFAG;12;78;10;6
UBI MERAH 1 gr;3ZE02GD0;1;650;12;7
UBI MERAH 250 gr;TDKIIHIS;3;1950;12;7
UBI MERAH 5 gr;6JJ6NQGN;6;39;12;7
UBI MERAH BULKY 20 KG;TB0EZ3TC;216;1404;5;3
UBI PUTIH 1 KG;TKNIRJ2L;10;65;10;6
UBI PUTIH 1 gr;QUON4CAS;1;650;12;7
UBI PUTIH 250 gr;EHKYWU1S;25;1625;12;7
UBI PUTIH 5 gr;3LCL3A9G;5;3250;12;7
UBI PUTIH BULKY 20 KG;RPCNJWWH;180;117;5;3
Wortel Berastagi 1kg;WORTELBERASTAGI1KG-3058;14;91;8;4
WORTEL BRASTAGY 1 KG;BJDILK22;12;78;10;6
WORTEL BRASTAGY 1 gr;YKWWIJ01;1;650;12;7
WORTEL BRASTAGY 250 gr;ZZMGOG6Y;3;1950;12;7
WORTEL BRASTAGY 5 gr;GWXQJHQ6;6;39;12;7
WORTEL BRASTAGY BULKY 50 KG;VEYUPH4K;540;351;5;3
WORTEL DAERAH 1 KG;NKOFI2HA;9;5850;12;7
WORTEL DAERAH 1 gr;GL84GDXK;1;650;12;7
WORTEL DAERAH 250 gr;CY1ODZVF;25;1625;12;7
WORTEL DAERAH 5 gr;SWQ5DRMV;45;2925;12;7
WORTEL DAERAH BULKY 2 KG;S3EKYRIN;16;104;10;6
ZUKINI 1 KG;LLFYALXC;18;117;10;6
ZUKINI 1 gr;IBZF2Q4F;2;13;12;7
ZUKINI 250 gr;LOIGKFPP;45;2925;12;7
ZUKINI 5 gr;5C7WVF2O;9;5850;12;7
ZUKINI BULKY 20 KG;BA8CFJ6B;324;2106;5;3
